{
  "Version": 1,
  "ManifestType": "Publish",
  "Endpoints": [
    {
      "Route": "ERP_Alusoft.1g9z50u7p3.styles.css",
      "AssetFile": "ERP_Alusoft.styles.css",
      "Selectors": [],
      "ResponseHeaders": [
        {
          "Name": "Accept-Ranges",
          "Value": "bytes"
        },
        {
          "Name": "Cache-Control",
          "Value": "max-age=31536000, immutable"
        },
        {
          "Name": "Content-Length",
          "Value": "5905"
        },
        {
          "Name": "Content-Type",
          "Value": "text/css"
        },
        {
          "Name": "ETag",
          "Value": "\"byBqTslhnlrzlM6jIQPmJI++h2dSJVW89Jv3K3v5HFE=\""
        },
        {
          "Name": "Last-Modified",
          "Value": "Fri, 30 May 2025 23:23:55 GMT"
        }
      ],
      "EndpointProperties": [
        {
          "Name": "fingerprint",
          "Value": "1g9z50u7p3"
        },
        {
          "Name": "integrity",
          "Value": "sha256-byBqTslhnlrzlM6jIQPmJI++h2dSJVW89Jv3K3v5HFE="
        },
        {
          "Name": "label",
          "Value": "ERP_Alusoft.styles.css"
        }
      ]
    },
    {
      "Route": "ERP_Alusoft.styles.css",
      "AssetFile": "ERP_Alusoft.styles.css",
      "Selectors": [],
      "ResponseHeaders": [
        {
          "Name": "Accept-Ranges",
          "Value": "bytes"
        },
        {
          "Name": "Cache-Control",
          "Value": "no-cache"
        },
        {
          "Name": "Content-Length",
          "Value": "5905"
        },
        {
          "Name": "Content-Type",
          "Value": "text/css"
        },
        {
          "Name": "ETag",
          "Value": "\"byBqTslhnlrzlM6jIQPmJI++h2dSJVW89Jv3K3v5HFE=\""
        },
        {
          "Name": "Last-Modified",
          "Value": "Fri, 30 May 2025 23:23:55 GMT"
        }
      ],
      "EndpointProperties": [
        {
          "Name": "integrity",
          "Value": "sha256-byBqTslhnlrzlM6jIQPmJI++h2dSJVW89Jv3K3v5HFE="
        }
      ]
    },
    {
      "Route": "app.css",
      "AssetFile": "app.css",
      "Selectors": [],
      "ResponseHeaders": [
        {
          "Name": "Accept-Ranges",
          "Value": "bytes"
        },
        {
          "Name": "Cache-Control",
          "Value": "no-cache"
        },
        {
          "Name": "Content-Length",
          "Value": "2591"
        },
        {
          "Name": "Content-Type",
          "Value": "text/css"
        },
        {
          "Name": "ETag",
          "Value": "\"u9qEka1auR7E3rd3/8/j8hkQdSOYj9bRJ4nYiFDR1sE=\""
        },
        {
          "Name": "Last-Modified",
          "Value": "Fri, 18 Apr 2025 22:47:28 GMT"
        }
      ],
      "EndpointProperties": [
        {
          "Name": "integrity",
          "Value": "sha256-u9qEka1auR7E3rd3/8/j8hkQdSOYj9bRJ4nYiFDR1sE="
        }
      ]
    },
    {
      "Route": "app.da95v2qkru.css",
      "AssetFile": "app.css",
      "Selectors": [],
      "ResponseHeaders": [
        {
          "Name": "Accept-Ranges",
          "Value": "bytes"
        },
        {
          "Name": "Cache-Control",
          "Value": "max-age=31536000, immutable"
        },
        {
          "Name": "Content-Length",
          "Value": "2591"
        },
        {
          "Name": "Content-Type",
          "Value": "text/css"
        },
        {
          "Name": "ETag",
          "Value": "\"u9qEka1auR7E3rd3/8/j8hkQdSOYj9bRJ4nYiFDR1sE=\""
        },
        {
          "Name": "Last-Modified",
          "Value": "Fri, 18 Apr 2025 22:47:28 GMT"
        }
      ],
      "EndpointProperties": [
        {
          "Name": "fingerprint",
          "Value": "da95v2qkru"
        },
        {
          "Name": "integrity",
          "Value": "sha256-u9qEka1auR7E3rd3/8/j8hkQdSOYj9bRJ4nYiFDR1sE="
        },
        {
          "Name": "label",
          "Value": "app.css"
        }
      ]
    },
    {
      "Route": "bootstrap/bootstrap.min.6gzpyzhau4.css",
      "AssetFile": "bootstrap/bootstrap.min.css",
      "Selectors": [],
      "ResponseHeaders": [
        {
          "Name": "Accept-Ranges",
          "Value": "bytes"
        },
        {
          "Name": "Cache-Control",
          "Value": "max-age=31536000, immutable"
        },
        {
          "Name": "Content-Length",
          "Value": "162726"
        },
        {
          "Name": "Content-Type",
          "Value": "text/css"
        },
        {
          "Name": "ETag",
          "Value": "\"SiIVMGgRhdXjKSTIddX7mh9IbOXVcwQWc7/p4nS6D/0=\""
        },
        {
          "Name": "Last-Modified",
          "Value": "Fri, 18 Apr 2025 22:47:28 GMT"
        }
      ],
      "EndpointProperties": [
        {
          "Name": "fingerprint",
          "Value": "6gzpyzhau4"
        },
        {
          "Name": "integrity",
          "Value": "sha256-SiIVMGgRhdXjKSTIddX7mh9IbOXVcwQWc7/p4nS6D/0="
        },
        {
          "Name": "label",
          "Value": "bootstrap/bootstrap.min.css"
        }
      ]
    },
    {
      "Route": "bootstrap/bootstrap.min.css",
      "AssetFile": "bootstrap/bootstrap.min.css",
      "Selectors": [],
      "ResponseHeaders": [
        {
          "Name": "Accept-Ranges",
          "Value": "bytes"
        },
        {
          "Name": "Cache-Control",
          "Value": "no-cache"
        },
        {
          "Name": "Content-Length",
          "Value": "162726"
        },
        {
          "Name": "Content-Type",
          "Value": "text/css"
        },
        {
          "Name": "ETag",
          "Value": "\"SiIVMGgRhdXjKSTIddX7mh9IbOXVcwQWc7/p4nS6D/0=\""
        },
        {
          "Name": "Last-Modified",
          "Value": "Fri, 18 Apr 2025 22:47:28 GMT"
        }
      ],
      "EndpointProperties": [
        {
          "Name": "integrity",
          "Value": "sha256-SiIVMGgRhdXjKSTIddX7mh9IbOXVcwQWc7/p4nS6D/0="
        }
      ]
    },
    {
      "Route": "bootstrap/bootstrap.min.css.8inm30yfxf.map",
      "AssetFile": "bootstrap/bootstrap.min.css.map",
      "Selectors": [],
      "ResponseHeaders": [
        {
          "Name": "Accept-Ranges",
          "Value": "bytes"
        },
        {
          "Name": "Cache-Control",
          "Value": "max-age=31536000, immutable"
        },
        {
          "Name": "Content-Length",
          "Value": "449111"
        },
        {
          "Name": "Content-Type",
          "Value": "text/plain"
        },
        {
          "Name": "ETag",
          "Value": "\"gBwg2tmA0Ci2u54gMF1jNCVku6vznarkLS6D76htNNQ=\""
        },
        {
          "Name": "Last-Modified",
          "Value": "Fri, 18 Apr 2025 22:47:28 GMT"
        }
      ],
      "EndpointProperties": [
        {
          "Name": "fingerprint",
          "Value": "8inm30yfxf"
        },
        {
          "Name": "integrity",
          "Value": "sha256-gBwg2tmA0Ci2u54gMF1jNCVku6vznarkLS6D76htNNQ="
        },
        {
          "Name": "label",
          "Value": "bootstrap/bootstrap.min.css.map"
        }
      ]
    },
    {
      "Route": "bootstrap/bootstrap.min.css.map",
      "AssetFile": "bootstrap/bootstrap.min.css.map",
      "Selectors": [],
      "ResponseHeaders": [
        {
          "Name": "Accept-Ranges",
          "Value": "bytes"
        },
        {
          "Name": "Cache-Control",
          "Value": "no-cache"
        },
        {
          "Name": "Content-Length",
          "Value": "449111"
        },
        {
          "Name": "Content-Type",
          "Value": "text/plain"
        },
        {
          "Name": "ETag",
          "Value": "\"gBwg2tmA0Ci2u54gMF1jNCVku6vznarkLS6D76htNNQ=\""
        },
        {
          "Name": "Last-Modified",
          "Value": "Fri, 18 Apr 2025 22:47:28 GMT"
        }
      ],
      "EndpointProperties": [
        {
          "Name": "integrity",
          "Value": "sha256-gBwg2tmA0Ci2u54gMF1jNCVku6vznarkLS6D76htNNQ="
        }
      ]
    },
    {
      "Route": "favicon.ifv42okdf2.png",
      "AssetFile": "favicon.png",
      "Selectors": [],
      "ResponseHeaders": [
        {
          "Name": "Accept-Ranges",
          "Value": "bytes"
        },
        {
          "Name": "Cache-Control",
          "Value": "max-age=31536000, immutable"
        },
        {
          "Name": "Content-Length",
          "Value": "1148"
        },
        {
          "Name": "Content-Type",
          "Value": "image/png"
        },
        {
          "Name": "ETag",
          "Value": "\"4mWsDy3aHl36ZbGt8zByK7Pvd4kRUoNgTYzRnwmPHwg=\""
        },
        {
          "Name": "Last-Modified",
          "Value": "Fri, 18 Apr 2025 22:47:28 GMT"
        }
      ],
      "EndpointProperties": [
        {
          "Name": "fingerprint",
          "Value": "ifv42okdf2"
        },
        {
          "Name": "integrity",
          "Value": "sha256-4mWsDy3aHl36ZbGt8zByK7Pvd4kRUoNgTYzRnwmPHwg="
        },
        {
          "Name": "label",
          "Value": "favicon.png"
        }
      ]
    },
    {
      "Route": "favicon.png",
      "AssetFile": "favicon.png",
      "Selectors": [],
      "ResponseHeaders": [
        {
          "Name": "Accept-Ranges",
          "Value": "bytes"
        },
        {
          "Name": "Cache-Control",
          "Value": "max-age=3600, must-revalidate"
        },
        {
          "Name": "Content-Length",
          "Value": "1148"
        },
        {
          "Name": "Content-Type",
          "Value": "image/png"
        },
        {
          "Name": "ETag",
          "Value": "\"4mWsDy3aHl36ZbGt8zByK7Pvd4kRUoNgTYzRnwmPHwg=\""
        },
        {
          "Name": "Last-Modified",
          "Value": "Fri, 18 Apr 2025 22:47:28 GMT"
        }
      ],
      "EndpointProperties": [
        {
          "Name": "integrity",
          "Value": "sha256-4mWsDy3aHl36ZbGt8zByK7Pvd4kRUoNgTYzRnwmPHwg="
        }
      ]
    }
  ]
}